 value_id, vendor, name, label, id, keycode, actual_model_id, active, change_time
	 720, , IPBB, IPBB, 0c6cd45a-0303-11f1-8e49-0255ac121206, IPBB, , false,	 1771226359385
 25, , OLT, OLT, 2c350808-f427-11f0-88b0-0255ac1218e7, OLT, , true,	 1768710953106
	 721, , Access, Access, 2dc4bfb3-0303-11f1-b3b6-0255ac120212, Access, , true,	 1770344770283
	 202, , FTTH, FTTH, 327c14fa-0632-11f1-8067-0255ac120037, FTTH, , true,	 1770694809033
 88, , CME, CME, 53d2533d-f427-11f0-9d92-0255ac12108d, CME, , true,	 1768711019568
	 1003, , Zabbix, Zabbix, 6edc60ce-2107-11f1-8e49-0255ac121206, Zabbix, , true,	 1773645123362
 23, , IPCore, IP Core, 75f3a94a-f427-11f0-88b0-0255ac1218e7, IPCore, , true,	 1768711076829
 10, , Backbone, Backbone, 8297e3be-f354-11f0-b937-0255ac120054, Backbone, , true,	 1768620474228
	 1080000, , Fan, Fan, 84964adb-8207-11f1-b7cb-0255ac12007c, Fan, , true,	 1784310422602
	 103, , RAN-5G, RAN-5G, 9566e8f4-e635-11f0-a524-0255ac120ffe, RAN-5G, , false,	 1771226318323
 97, , DWDM, DWDM, 9ebb0ffc-f422-11f0-ac99-0255ac12120f, DWDM, , true,	 1768708997761
 95, , MPLS, MPLS, a80683d2-f422-11f0-a40b-0255ac120074, MPLS, , true,	 1768709013355
 4, , OTN, OTN, ae596d2b-3509-11f1-8b98-0255ac12108b, OTN, , true,	 1775845112127
	 1001, , FWA-RAN, FWA-RAN, dd2edf62-055d-11f1-9066-0255ac121cb3, FWA-RAN, , true,	 1770603612613
 11, , Core, Core, e3d784e4-066d-11f1-b28c-0255ac12007b, Core, , true,	 1770720446895
	 1002, , FWA-Core, FWA-Core, e5d78f4b-1085-11f1-a4c0-0255ac12094c, FWA-Core, , true,	 1771830269800
	 122, , AN, AN, e8e95e59-e165-11f0-b59c-0255ac12021d, AN, , false,	 1771226136039
	 201, , CS, CS, e8ecb9ca-e165-11f0-b59c-0255ac12021d, CS, , false,	 1771226265509
	 707, , CTC, CTC, e8ee677f-e165-11f0-b59c-0255ac12021d, CTC, , false,	 1771226235930
	 400, , Data, Data, e8efee2c-e165-11f0-b59c-0255ac12021d, Data, , true,	 1770602915586
	 114, , HLR, HLR, e8f174d0-e165-11f0-b59c-0255ac12021d, HLR, , false,	 1771226246870
	 700, , IT-Application, IT-Application, e8f32289-e165-11f0-b59c-0255ac12021d, IT-Application, , false,	 1771226150385
	 701, , IT-DataBase, IT-DataBase, e8f4a937-e165-11f0-b59c-0255ac12021d, IT-DataBase, , false,	 1771226150385
	 702, , IT-Facility, IT-Facility, e8f62fe3-e165-11f0-b59c-0255ac12021d, IT-Facility, , false,	 1771226150385
	 703, , IT-Middleware, IT-Middleware, e8f78f78-e165-11f0-b59c-0255ac12021d, IT-Middleware, , false,	 1771226150385
	 704, , IT-NetworkDevice, IT-NetworkDevice, e8f93d2c-e165-11f0-b59c-0255ac12021d, IT-NetworkDevice, , false,	 1771226157460
	 705, , IT-Server, IT-Server, e8fa9cc4-e165-11f0-b59c-0255ac12021d, IT-Server, , false,	 1771226157460
	 706, , IT-Storage, IT-Storage, e8fc2369-e165-11f0-b59c-0255ac12021d, IT-Storage, , false,	 1771226157460
	 121, , MW, MW, e8fdaa0d-e165-11f0-b59c-0255ac12021d, MW, , false,	 1771226157460
	 708, , NFV, NFV, e8ff30b5-e165-11f0-b59c-0255ac12021d, NFV, , false,	 1771226246870
	 717, , NFVI, NFVI, e900b75b-e165-11f0-b59c-0255ac12021d, NFVI, , false,	 1771226246870
	 710, , NFV_EPC, NFV_EPC, e9028c24-e165-11f0-b59c-0255ac12021d, NFV_EPC, , false,	 1771226246870
	 711, , NFV_IMS, NFV_IMS, e90439e1-e165-11f0-b59c-0255ac12021d, NFV_IMS, , false,	 1771226246870
	 712, , NFV_MSE, NFV_MSE, e9060ea5-e165-11f0-b59c-0255ac12021d, NFV_MSE, , false,	 1771226184541
	 713, , NFV_PCRF, NFV_PCRF, e9076e3d-e165-11f0-b59c-0255ac12021d, NFV_PCRF, , false,	 1771226184541
	 715, , NFV_SDM, NFV_SDM, e9091bf4-e165-11f0-b59c-0255ac12021d, NFV_SDM, , false,	 1771226184541
	 716, , NFV_SPS, NFV_SPS, e90a7b91-e165-11f0-b59c-0255ac12021d, NFV_SPS, , false,	 1771226222477
 1, , OSS, OSS, e90c5057-e165-11f0-b59c-0255ac12021d, OSS, , true,	 1766648826633
	 1000, , Others, Others, e90f0f7a-e165-11f0-b59c-0255ac12021d, Others, , true,	 1766648826651
	 200, , PS, PS, e910bd35-e165-11f0-b59c-0255ac12021d, PS, , false,	 1771226196444
	 500, , Power, Power, e91243dc-e165-11f0-b59c-0255ac12021d, Power, , true,	 1766648826672
 100, , RAN-2G, RAN-2G, e91418a2-e165-11f0-b59c-0255ac12021d, RAN-2G, , false,	 1771226196444
	 101, , RAN-3G, RAN-3G, e915c657-e165-11f0-b59c-0255ac12021d, RAN-3G, , false,	 1771226196444
	 102, , RAN-4G, RAN-4G, e917c22d-e165-11f0-b59c-0255ac12021d, RAN-4G, , false,	 1771226169397
	 709, , SDN, SDN, e91948d4-e165-11f0-b59c-0255ac12021d, SDN, , false,	 1771226169397
	 113, , SG, SG, e91b1da9-e165-11f0-b59c-0255ac12021d, SG, , false,	 1771226169397
	 120, , TX, TX, e91cca5f-e165-11f0-b59c-0255ac12021d, TX, , false,	 1771226169397
	 300, , Transmission, Transmission, e91e9f25-e165-11f0-b59c-0255ac12021d, Transmission, , false,	 1771226176041
	 600, , VAS, VAS, e92025cc-e165-11f0-b59c-0255ac12021d, VAS, , false,	 1771226176041
 0, , Default, Default, e921ac72-e165-11f0-b59c-0255ac12021d, Default, , true,	 1766648826773
